ts,vm_cpu_pct,api_cpu,api_mem,collector_cpu,collector_mem,db_cpu,db_mem,redis_cpu,redis_mem,edge_cpu,edge_mem,web_cpu,web_mem,ais_cpu,ais_mem,api_cg_mib,api_rss_mib,api_rss_anon_mib,heap_used_mib,heap_committed_mib,gc_count,gc_sum_s,gc_max_s,hikari_active,hikari_pending
2026-10-01T21:56:23Z,198.0,12.2,369.2,3.5,70.5,13.8,494.1,2.1,21.2,2.1,5.3,6.6,70.5,0.9,41.8,384.1,383.7,365.3,82.6,122.0,32,0.627,0.033,0,0
2026-10-01T21:56:32Z,65.0,5.1,382.9,0.2,66.3,5.9,494.8,2.0,21.9,1.9,5.7,4.5,70.5,0.4,40.4,384.6,384.1,365.7,75.9,122.0,33,0.637,0.033,1,0
2026-10-01T21:56:42Z,54.4,3.7,383.0,0.2,66.5,5.1,494.8,0.3,21.6,1.3,5.7,3.2,70.5,0.3,40.4,385.1,384.2,365.7,72.7,122.0,34,0.645,0.033,1,0
2026-10-01T21:56:52Z,52.7,2.7,382.9,0.3,66.5,3.9,494.8,0.2,21.3,0.9,5.6,2.7,70.5,0.4,40.4,384.8,384.2,365.7,66.1,122.0,35,0.651,0.033,1,0
2026-10-01T21:57:02Z,108.2,6.9,382.9,0.3,66.3,9.9,495.3,3.0,21.1,1.9,5.3,6.0,70.7,0.4,40.4,384.8,384.2,365.8,56.9,122.0,36,0.676,0.033,0,0
2026-10-01T21:57:13Z,77.1,6.3,382.8,0.2,68.8,6.3,496.7,4.2,22.0,1.2,5.4,5.4,70.7,0.3,40.4,385.2,384.2,365.8,77.1,122.0,37,0.685,0.033,0,0
2026-10-01T21:57:23Z,73.3,8.6,382.8,0.3,68.8,3.0,497.1,1.5,21.4,1.2,5.4,6.0,70.7,0.3,40.4,384.7,384.2,365.8,68.2,122.0,38,0.700,0.033,0,0
2026-10-01T21:57:32Z,75.6,0.7,382.6,0.4,69.1,0.1,496.4,0.3,21.2,0.0,5.3,2.0,71.1,0.2,40.4,384.6,384.3,365.8,59.1,122.0,39,0.734,0.034,2,0
2026-10-01T21:57:42Z,60.9,1.1,398.5,0.4,68.9,0.1,504.5,3.2,22.7,0.0,5.3,0.0,70.7,0.4,40.4,400.8,400.1,381.6,105.4,136.0,44,0.767,0.034,1,0
2026-10-01T21:57:52Z,45.5,1.9,399.4,0.5,68.9,0.1,504.5,2.5,22.3,0.0,5.3,0.0,70.7,0.5,40.4,401.3,400.3,381.9,106.0,136.0,45,0.775,0.034,0,0
2026-10-01T21:58:02Z,59.0,0.4,398.7,0.3,68.9,0.1,504.5,0.3,21.9,0.0,5.3,0.0,70.8,0.2,40.4,401.1,400.3,381.9,60.3,136.0,47,0.794,0.034,1,0
2026-10-01T21:58:12Z,46.0,0.5,399.2,0.4,68.9,0.1,504.5,0.3,21.6,0.0,5.3,0.0,70.8,0.2,40.4,401.6,400.8,382.3,103.3,136.0,47,0.794,0.034,0,0
2026-10-01T21:58:22Z,52.5,8.4,399.2,0.3,68.9,0.1,504.2,2.8,21.6,0.0,5.3,0.0,70.8,0.4,40.4,401.6,400.8,382.3,95.6,136.0,48,0.799,0.034,1,0
2026-10-01T21:58:32Z,61.4,11.2,399.2,4.5,68.9,0.7,504.4,4.2,22.2,0.0,5.4,0.0,70.8,0.2,40.4,401.8,400.8,382.4,83.6,136.0,49,0.807,0.034,0,0
2026-10-01T21:58:42Z,50.3,14.9,399.9,5.1,69.2,1.4,504.9,3.2,22.6,0.0,5.4,0.0,70.9,0.3,40.4,401.4,400.8,382.4,70.1,136.0,50,0.814,0.034,1,0
2026-10-01T21:58:52Z,43.0,0.5,399.2,0.5,69.2,0.1,505.1,2.4,21.9,0.0,5.4,0.0,71.0,0.3,40.4,401.4,400.9,382.4,92.1,136.0,50,0.814,0.034,0,0
2026-10-01T21:59:02Z,81.9,1.4,399.2,0.2,69.0,0.1,504.7,3.4,21.8,0.0,5.4,0.0,71.0,0.1,40.5,401.6,400.9,382.4,81.1,136.0,51,0.819,0.034,1,0
2026-10-01T21:59:12Z,54.1,0.4,399.3,0.4,69.0,0.1,504.7,2.5,22.0,0.0,5.4,0.0,71.0,0.5,40.5,402.0,400.9,382.5,66.1,136.0,52,0.826,0.034,1,0
2026-10-01T21:59:22Z,47.4,0.5,401.3,0.5,69.2,0.1,504.7,2.8,21.8,0.0,5.4,0.0,71.1,0.4,40.5,404.1,403.0,384.5,109.1,136.0,52,0.826,0.034,0,0
2026-10-01T21:59:32Z,65.1,0.7,401.6,0.5,69.2,0.1,504.9,4.4,21.9,0.0,5.4,0.0,71.1,0.4,40.5,403.6,403.0,384.5,92.3,136.0,53,0.839,0.034,0,0
2026-10-01T21:59:42Z,67.7,1.1,417.1,0.5,69.0,0.8,504.9,2.1,23.4,0.0,5.4,0.0,71.2,0.3,40.5,419.3,418.4,399.9,125.8,152.0,56,0.862,0.034,1,0
2026-10-01T21:59:52Z,47.1,0.5,416.8,0.4,69.0,0.1,504.9,4.6,23.4,0.0,5.4,0.0,71.2,0.3,40.5,419.3,418.4,399.9,122.1,152.0,57,0.872,0.034,1,0
2026-10-01T22:00:02Z,62.2,0.6,417.4,0.8,69.3,0.1,504.9,2.7,23.6,0.0,5.4,0.0,71.2,0.6,40.5,419.3,418.5,400.0,113.8,152.0,58,0.878,0.034,1,0
2026-10-01T22:00:12Z,55.5,0.6,417.1,0.3,69.0,0.2,505.4,0.3,23.3,0.0,5.4,0.0,71.3,0.4,40.5,419.5,418.7,400.2,99.3,152.0,59,0.885,0.013,1,0
2026-10-01T22:00:22Z,45.9,0.6,417.9,0.5,69.3,0.1,504.7,0.3,22.9,0.0,5.4,0.0,71.3,0.5,40.5,422.4,419.5,401.1,90.7,152.0,60,0.889,0.013,1,0
2026-10-01T22:00:32Z,59.6,0.6,418.2,0.4,69.0,0.1,504.9,3.1,23.5,0.0,5.4,0.0,71.4,0.2,40.5,420.3,419.5,401.1,71.8,152.0,61,0.895,0.013,1,0
2026-10-01T22:00:42Z,44.9,0.9,418.2,0.9,69.3,0.1,504.9,2.7,23.1,0.0,5.4,0.0,71.4,0.8,40.5,420.2,419.5,401.1,114.8,152.0,61,0.895,0.013,0,0
2026-10-01T22:00:52Z,48.6,0.7,418.2,0.5,69.3,0.0,504.9,0.3,23.5,0.0,5.4,0.0,71.5,0.5,40.5,420.2,419.5,401.1,96.4,152.0,62,0.908,0.013,0,0
2026-10-01T22:01:02Z,67.7,0.6,417.9,0.4,69.3,0.1,504.9,1.5,22.8,0.0,5.4,0.0,71.5,0.4,40.5,420.4,419.5,401.1,78.9,152.0,63,0.944,0.036,0,0
2026-10-01T22:01:12Z,66.7,0.6,417.9,0.4,69.3,2.8,504.9,2.4,22.6,0.0,5.4,0.0,71.5,0.4,40.5,422.2,419.5,401.1,126.9,152.0,63,0.944,0.036,0,0
2026-10-01T22:01:22Z,45.7,0.5,418.0,0.3,69.3,5.4,505.1,0.3,22.9,0.0,5.4,0.0,71.6,0.6,40.5,420.5,419.6,401.1,103.2,152.0,64,0.954,0.036,0,0
2026-10-01T22:01:32Z,59.8,0.5,418.0,0.4,69.3,4.4,505.4,0.3,22.6,0.0,5.4,0.0,71.6,0.3,40.6,420.4,419.6,401.1,80.7,152.0,65,0.974,0.036,1,0
2026-10-01T22:01:42Z,59.9,0.5,443.0,0.4,69.3,4.2,505.7,2.4,24.8,0.0,5.4,0.0,71.6,0.2,40.6,445.8,444.5,426.1,91.5,169.0,69,1.009,0.036,0,0
2026-10-01T22:01:52Z,47.1,0.5,443.0,0.4,69.3,5.2,505.4,2.7,30.8,0.0,5.4,0.0,71.6,0.5,40.6,447.5,444.5,426.1,138.5,169.0,69,1.009,0.036,0,0
2026-10-01T22:02:02Z,60.4,0.6,443.8,0.3,69.1,4.5,506.5,0.3,23.6,0.0,5.4,0.0,71.6,0.1,40.6,445.6,444.9,426.4,120.2,169.0,70,1.014,0.036,0,0
2026-10-01T22:02:12Z,60.0,1.3,443.8,0.4,69.1,5.2,506.7,0.4,23.6,0.0,5.4,0.0,71.7,0.5,40.6,447.8,445.1,426.6,134.9,169.0,71,1.018,0.036,0,0
2026-10-01T22:02:22Z,51.1,0.6,443.5,0.5,69.4,0.4,507.6,3.0,23.6,0.0,5.4,0.0,71.7,0.6,40.6,446.2,445.1,426.6,118.1,169.0,72,1.022,0.036,0,0
2026-10-01T22:02:32Z,60.7,0.6,445.8,0.5,69.4,0.1,506.2,2.5,23.4,0.0,5.4,0.0,71.7,0.3,40.6,448.1,447.1,428.7,89.5,169.0,73,1.032,0.036,0,0
2026-10-01T22:02:42Z,47.0,0.7,445.8,0.5,69.4,0.1,506.2,0.5,23.9,0.0,5.4,0.0,71.7,0.4,40.6,448.1,447.1,428.7,139.5,169.0,73,1.032,0.036,1,0
2026-10-01T22:02:52Z,43.1,0.5,445.8,0.6,69.4,0.1,506.3,0.3,23.7,0.0,5.4,0.0,71.7,0.4,40.6,450.2,447.1,428.7,110.3,169.0,74,1.039,0.036,0,0
2026-10-01T22:03:02Z,58.8,0.5,445.6,0.4,69.2,0.1,506.3,2.5,23.4,0.0,5.4,0.0,71.8,0.5,40.6,447.8,447.1,428.7,87.4,169.0,75,1.044,0.036,0,0
2026-10-01T22:03:12Z,69.1,1.6,445.9,0.5,69.4,0.0,506.3,0.6,23.2,0.0,5.4,0.0,71.8,0.4,40.6,447.8,447.1,428.7,134.4,169.0,75,1.044,0.020,0,0
