file	perf	LCP_ms	TBT_ms	CLS	FCP_ms	SI_ms	total_KiB	js_KiB	reqs	openfreemap_reqs	blocked_reqs	lh_version	benchmark_index
about-desktop-1	100	563	0	0	396	949	214.3	178.5	13	0	0	12.8.2	2803.5
about-desktop-2	99	575	102	0	315	915	214.3	178.5	13	0	0	12.8.2	2771
about-desktop-3	100	573	0	0	409	1019	214.3	178.4	13	0	0	12.8.2	2782.5
about-mobile-1	79	2666	671	0	1092	2421	214.3	178.4	13	0	0	12.8.2	2783
about-mobile-2	80	2667	656	0	1089	2360	214.3	178.5	13	0	0	12.8.2	2743.5
about-mobile-3	78	2706	754	0	1091	2553	214.3	178.4	13	0	0	12.8.2	2693
replay-desktop-1	62	1693	781	0.002	653	2154	1745.4	622.6	55	16	16	12.8.2	2772.5
replay-desktop-2	59	1241	1847	0.004	293	3155	1745.5	622.6	55	16	16	12.8.2	2667
replay-desktop-3	60	1131	1443	0.004	278	3216	1745.7	622.6	52	16	13	12.8.2	2826.5
replay-mobile-1	37	7268	3698	0.0	3217	5294	1403.6	622.6	42	12	7	12.8.2	2802
replay-mobile-2	36	6424	4624	0.0	3223	6381	1403.4	622.6	42	12	7	12.8.2	2771.5
replay-mobile-3	39	8252	6131	0.0	951	7034	1403.5	622.6	41	12	6	12.8.2	2511.5
root-desktop-1	53	2021	1780	0.006	541	3143	1540.9	605.3	69	14	18	12.8.2	2682
root-desktop-2	60	1265	1526	0.007	527	2998	1540.9	605.3	69	14	18	12.8.2	2721
root-desktop-3	55	1897	1731	0.005	519	2823	1540.9	605.3	71	14	20	12.8.2	2798
root-mobile-1	34	7376	5577	0.003	3563	5874	1377.8	605.3	67	12	18	12.8.2	2718
root-mobile-2	34	8469	6257	0.003	3457	5737	1377.9	605.4	69	12	20	12.8.2	2812.5
root-mobile-3	39	6076	8907	0.002	2246	6927	1377.8	605.2	69	12	20	12.8.2	2727.5
stats-desktop-1	97	768	114	0	350	1141	218.2	184.9	18	0	0	12.8.2	2583
stats-desktop-2	98	739	0	0	351	1471	218.2	184.9	18	0	0	12.8.2	2549
stats-desktop-3	70	652	693	0.085	284	1701	218.2	184.9	18	0	0	12.8.2	2646
stats-mobile-1	65	2710	2619	0	957	4093	218.2	184.9	18	0	0	12.8.2	2581.5
stats-mobile-2	78	2720	740	0	981	2415	218.2	184.8	18	0	0	12.8.2	2808.5
stats-mobile-3	81	2730	598	0	988	2346	218.3	184.9	18	0	0	12.8.2	2768.5
