ts,vm_cpu_pct,api_cpu,api_mem,collector_cpu,collector_mem,db_cpu,db_mem,redis_cpu,redis_mem,edge_cpu,edge_mem,web_cpu,web_mem,ais_cpu,ais_mem,api_cg_mib,api_rss_mib,api_rss_anon_mib,heap_used_mib,heap_committed_mib,gc_count,gc_sum_s,gc_max_s,hikari_active,hikari_pending,heap_max_mib,gc_live_mib,nonheap_committed_mib,threads
2026-10-02T01:25:20Z,50.6,9.2,439.1,0.4,63.8,6.2,373.0,2.7,51.1,0.0,2.4,0.0,65.4,0.4,28.4,511.2,422.0,397.5,91.8,184.0,26,0.197,0.024,0,0,410.0,63.4,114.2,40
2026-10-02T01:25:24Z,69.7,1.9,439.4,0.4,64.1,0.2,372.7,1.8,49.7,0.0,2.4,0.0,65.4,0.4,28.1,511.2,422.2,397.8,114.8,184.0,26,0.197,0.024,0,0,410.0,63.4,114.4,40
2026-10-02T01:25:30Z,97.7,14.4,449.8,0.5,63.8,6.7,372.9,0.6,49.9,0.0,2.4,0.0,65.4,0.6,28.4,521.7,432.5,408.0,75.2,206.0,27,0.219,0.024,0,0,410.0,63.4,114.6,40
2026-10-02T01:25:34Z,63.8,1.5,466.8,0.5,64.1,0.2,372.9,2.5,49.2,0.0,2.8,0.0,65.4,0.3,28.1,538.7,449.6,425.1,98.2,206.0,27,0.219,0.024,0,0,410.0,63.4,114.8,40
2026-10-02T01:25:40Z,52.2,13.1,492.2,0.3,63.8,2.4,373.1,0.8,48.9,0.0,2.4,0.0,65.4,0.8,28.1,564.5,475.2,450.7,153.2,206.0,27,0.219,0.024,0,0,410.0,63.4,115.2,40
2026-10-02T01:25:45Z,167.5,10.7,493.8,0.4,64.1,6.2,466.4,0.3,49.2,0.0,2.4,0.0,65.4,0.7,28.1,566.1,476.8,452.4,161.1,206.0,29,0.283,0.054,0,0,410.0,63.4,116.9,40
2026-10-02T01:25:50Z,59.7,2.6,494.5,0.3,63.8,1.5,466.8,2.2,49.1,0.0,2.4,0.0,65.4,0.5,28.4,566.8,477.5,453.0,108.7,206.0,30,0.290,0.054,0,0,410.0,63.4,117.2,40
2026-10-02T01:25:54Z,61.1,8.7,494.6,0.4,63.8,1.1,466.8,0.2,48.6,1.3,2.4,0.0,65.4,0.4,28.1,566.7,477.6,453.1,129.7,206.0,30,0.290,0.054,0,0,410.0,63.4,117.2,40
2026-10-02T01:26:00Z,99.0,3.6,495.2,0.3,63.9,2.6,466.6,2.6,48.8,0.0,2.4,0.0,65.4,0.5,28.2,567.1,478.0,453.5,180.7,206.0,30,0.290,0.054,0,0,410.0,63.4,117.8,40
2026-10-02T01:26:04Z,57.7,2.6,495.5,0.3,64.1,0.2,466.5,2.5,48.3,2.0,2.6,0.0,65.5,0.3,28.2,567.1,478.2,453.7,97.5,206.0,31,0.309,0.054,0,0,410.0,63.4,118.0,40
2026-10-02T01:26:10Z,49.4,3.9,495.6,0.3,64.1,1.3,466.5,0.5,48.6,0.0,2.4,0.0,65.5,0.3,28.2,567.9,478.5,454.1,147.5,206.0,31,0.309,0.054,0,0,410.0,63.4,118.4,40
2026-10-02T01:26:14Z,104.7,3.2,496.4,0.2,64.1,0.6,471.0,2.5,48.7,2.2,2.4,0.0,65.5,0.3,28.2,568.2,479.1,454.6,171.5,206.0,31,0.309,0.054,0,0,410.0,63.4,118.8,40
2026-10-02T01:26:20Z,49.3,3.6,496.6,0.4,64.1,3.0,471.7,0.5,48.9,0.0,2.4,0.0,65.5,1.0,28.2,568.9,479.5,455.1,111.5,206.0,32,0.329,0.054,0,0,410.0,74.5,119.3,40
2026-10-02T01:26:24Z,61.8,1.6,496.7,0.2,64.1,0.1,471.0,0.2,48.9,1.8,2.4,0.0,65.5,0.3,28.2,568.6,479.7,455.3,133.5,206.0,32,0.329,0.054,0,0,410.0,74.5,119.4,40
2026-10-02T01:26:30Z,138.4,105.6,497.7,0.3,63.9,18.0,475.4,4.6,50.3,0.0,2.4,0.0,65.5,1.5,28.2,569.7,480.4,455.9,111.4,206.0,37,0.376,0.054,2,0,410.0,74.5,120.1,40
2026-10-02T01:26:34Z,68.0,2.0,497.7,0.3,64.1,0.1,478.5,0.3,50.6,2.3,2.8,0.0,65.5,0.3,28.2,569.3,480.4,455.9,137.4,206.0,37,0.376,0.054,0,0,410.0,74.5,120.1,40
2026-10-02T01:26:40Z,49.4,27.5,498.0,0.4,64.1,0.8,479.0,1.9,50.6,0.0,2.4,0.0,65.5,0.4,28.2,569.4,480.5,456.0,131.0,206.0,38,0.385,0.054,0,0,410.0,97.3,120.1,40
2026-10-02T01:26:44Z,79.1,2.1,497.5,0.4,64.1,0.3,483.3,2.1,49.1,2.5,2.6,0.0,65.5,0.4,28.2,569.6,480.5,456.0,153.0,206.0,38,0.385,0.054,0,0,410.0,97.3,120.2,40
2026-10-02T01:26:50Z,43.7,2.1,497.8,0.3,64.1,0.8,483.6,0.4,49.6,0.0,2.4,0.0,65.5,0.2,28.2,569.6,480.5,456.1,132.3,206.0,39,0.390,0.054,0,0,410.0,86.3,120.2,40
2026-10-02T01:26:54Z,60.0,2.7,497.8,0.3,64.1,0.1,483.6,0.3,49.6,2.4,2.8,0.0,65.6,0.2,28.2,569.6,480.6,456.1,92.7,206.0,40,0.397,0.054,0,0,410.0,86.3,120.2,40
2026-10-02T01:27:00Z,87.6,5.6,497.6,26.4,63.9,4.0,483.4,1.4,50.2,0.0,2.4,0.0,65.6,36.1,28.2,570.0,480.6,456.1,140.7,206.0,40,0.397,0.054,0,0,410.0,86.3,120.2,40
2026-10-02T01:27:04Z,66.7,3.3,497.7,0.3,64.2,0.1,483.4,0.3,50.2,1.5,2.5,0.0,65.6,0.3,28.2,569.6,480.6,456.2,81.8,206.0,41,0.406,0.054,0,0,410.0,79.2,120.3,40
2026-10-02T01:27:10Z,44.2,26.3,497.9,0.4,63.9,1.3,483.6,2.1,49.8,0.0,2.4,0.0,65.6,0.3,28.2,570.0,480.7,456.3,130.8,206.0,41,0.406,0.054,0,0,410.0,79.2,120.4,40
2026-10-02T01:27:14Z,64.9,3.4,498.3,0.3,64.2,0.1,483.3,0.3,49.8,2.6,2.8,0.0,65.6,0.3,28.2,570.1,480.8,456.3,153.8,206.0,41,0.406,0.054,0,0,410.0,79.2,120.4,40
2026-10-02T01:27:20Z,47.0,33.2,499.9,4.6,63.9,2.3,483.4,3.3,49.7,0.0,2.4,0.0,65.6,0.4,28.2,572.0,482.8,458.3,120.1,206.0,42,0.410,0.054,0,0,410.0,79.2,120.5,40
2026-10-02T01:27:24Z,75.2,2.9,499.8,0.3,63.9,0.1,483.4,3.0,49.6,2.0,2.7,0.0,65.6,0.3,28.2,571.9,482.8,458.3,142.1,206.0,42,0.410,0.054,0,0,410.0,79.2,120.5,40
2026-10-02T01:27:30Z,95.4,34.6,499.9,42.8,91.2,2.6,483.7,5.0,50.4,0.0,2.4,0.0,65.6,32.8,55.2,573.7,482.8,458.4,103.5,206.0,43,0.448,0.054,0,0,410.0,79.2,120.6,40
2026-10-02T01:27:34Z,76.9,2.6,500.0,0.4,64.2,0.1,483.4,0.3,50.4,1.9,2.7,0.0,65.6,0.3,28.2,572.0,483.0,458.5,164.5,206.0,43,0.448,0.054,0,0,410.0,79.2,120.6,40
2026-10-02T01:27:40Z,42.1,6.7,500.2,0.4,64.2,0.9,483.9,0.6,49.2,0.0,2.4,0.0,65.6,0.3,28.2,572.0,483.0,458.5,94.8,206.0,44,0.458,0.054,0,0,410.0,78.1,120.6,40
2026-10-02T01:27:44Z,81.3,1.9,500.3,0.5,64.2,0.1,491.1,0.4,49.5,1.6,2.6,0.0,67.6,0.3,28.2,572.1,483.0,458.6,142.8,206.0,44,0.458,0.054,0,0,410.0,78.1,120.6,40
2026-10-02T01:27:50Z,37.4,6.7,500.5,0.4,64.2,0.7,491.3,3.0,48.9,0.0,2.4,0.0,67.6,0.4,28.2,572.3,483.0,458.6,167.8,206.0,44,0.458,0.054,0,0,410.0,78.1,120.7,40
2026-10-02T01:27:54Z,61.7,2.0,500.3,0.4,64.2,0.1,491.1,2.3,48.8,2.3,2.5,0.0,67.6,0.3,28.2,572.2,483.1,458.6,120.3,206.0,45,0.463,0.054,0,0,410.0,78.1,120.8,40
2026-10-02T01:28:00Z,67.6,7.9,500.4,0.3,63.9,1.8,491.7,2.5,49.3,0.0,2.4,0.0,67.6,0.6,28.2,572.2,483.1,458.6,145.3,206.0,45,0.463,0.054,0,0,410.0,78.1,120.8,40
2026-10-02T01:28:04Z,102.1,6.3,500.7,0.8,64.2,0.1,491.1,2.0,49.3,2.2,3.0,0.0,67.6,0.7,28.3,572.3,483.2,458.7,94.8,206.0,46,0.516,0.054,0,0,410.0,78.1,120.8,40
2026-10-02T01:28:10Z,39.6,8.4,500.5,0.5,64.2,2.4,491.5,0.6,49.1,0.0,2.4,0.0,67.6,0.7,28.3,572.4,483.2,458.7,119.8,206.0,46,0.516,0.054,0,0,410.0,78.1,120.8,40
2026-10-02T01:28:14Z,101.4,2.1,500.8,0.3,64.2,0.0,491.1,2.8,48.9,2.3,3.0,0.0,67.6,0.3,28.3,572.4,483.2,458.8,167.8,206.0,46,0.516,0.053,0,0,410.0,78.1,120.9,40
2026-10-02T01:28:20Z,61.6,8.3,500.6,0.3,64.2,1.9,491.6,4.0,48.7,0.0,2.4,0.0,67.6,0.2,28.3,572.1,483.3,458.8,90.3,206.0,47,0.529,0.053,0,0,410.0,76.3,120.9,40
2026-10-02T01:28:25Z,345.6,167.4,517.8,0.2,63.9,28.6,589.7,2.8,48.9,1.1,2.4,0.0,67.6,0.3,28.3,589.3,499.8,475.4,107.8,208.0,54,0.668,0.065,0,0,410.0,90.8,123.6,42
2026-10-02T01:28:30Z,182.7,77.6,518.2,0.2,64.2,55.0,640.6,4.8,50.7,0.0,2.4,0.0,67.6,0.2,28.3,595.5,506.0,481.5,167.4,214.0,61,0.722,0.065,1,0,410.0,90.6,123.8,41
2026-10-02T01:28:35Z,259.1,68.6,524.8,0.2,64.0,30.5,430.9,1.6,49.7,1.3,2.6,0.0,67.6,0.3,28.3,596.2,506.8,482.4,103.4,214.0,68,0.806,0.065,0,0,410.0,93.1,124.2,41
2026-10-02T01:28:40Z,171.5,57.1,525.1,0.2,64.0,35.1,444.9,3.1,50.1,0.0,2.4,0.0,67.6,0.5,28.3,596.6,507.1,482.6,124.1,214.0,73,0.846,0.065,2,0,410.0,89.5,124.5,41
2026-10-02T01:28:45Z,184.1,46.0,525.7,0.2,64.0,19.5,437.2,2.9,49.3,1.4,2.8,0.0,67.6,0.1,28.3,596.7,507.5,483.1,121.8,214.0,78,0.884,0.065,1,0,410.0,87.1,124.9,41
2026-10-02T01:28:50Z,135.3,40.1,526.1,0.2,64.0,25.6,439.5,4.6,49.8,0.0,2.4,0.0,67.6,0.4,28.3,597.6,507.8,483.3,148.3,214.0,83,0.908,0.065,2,0,410.0,87.0,125.1,41
2026-10-02T01:28:55Z,162.0,54.3,526.2,0.2,64.2,23.1,503.7,3.2,50.2,1.2,2.5,0.0,67.6,0.2,28.3,597.9,508.0,483.6,124.4,214.0,88,0.944,0.065,0,0,410.0,86.4,125.2,41
2026-10-02T01:29:00Z,112.4,38.3,526.2,0.2,64.2,20.4,564.7,1.5,50.4,0.0,2.4,0.0,67.6,0.3,28.3,598.0,508.3,483.9,118.4,214.0,93,0.967,0.065,0,0,410.0,85.8,125.6,41
2026-10-02T01:29:05Z,203.0,40.1,526.6,0.2,64.2,25.4,624.6,1.4,49.3,1.1,2.4,0.0,67.6,0.2,28.3,598.2,508.5,484.0,110.8,214.0,98,1.030,0.065,1,0,410.0,85.7,125.8,41
2026-10-02T01:29:10Z,116.4,45.0,527.0,0.2,64.2,18.5,660.7,2.9,50.5,0.0,2.4,0.0,67.6,0.3,28.3,598.6,508.8,484.3,115.9,214.0,103,1.054,0.065,0,0,410.0,85.2,126.0,41
2026-10-02T01:29:15Z,168.4,55.5,527.4,0.2,64.0,34.5,442.3,4.2,49.6,1.1,3.0,0.0,67.6,0.2,28.3,599.1,509.2,484.7,177.0,214.0,107,1.072,0.065,0,0,410.0,85.1,126.4,41
2026-10-02T01:29:20Z,121.5,43.0,526.9,0.2,64.0,7.0,462.3,1.5,50.0,0.0,2.4,0.0,67.6,0.2,28.3,598.9,509.3,484.8,161.8,214.0,112,1.103,0.065,0,0,410.0,84.6,126.5,41
2026-10-02T01:29:25Z,166.3,34.5,527.6,0.2,64.2,26.8,462.0,2.8,49.3,1.5,2.4,0.0,67.8,0.3,28.3,599.1,509.4,484.9,95.3,214.0,118,1.155,0.065,0,0,410.0,84.5,126.6,41
2026-10-02T01:29:30Z,125.4,36.2,527.4,0.2,64.2,21.9,462.0,1.4,49.1,0.0,2.4,0.0,67.8,0.2,28.3,598.9,509.5,485.1,121.1,214.0,123,1.185,0.065,0,0,410.0,84.3,126.8,41
2026-10-02T01:29:34Z,203.1,45.6,527.7,0.2,64.0,28.7,462.1,1.4,49.4,1.4,2.6,0.0,67.8,0.2,28.3,599.2,509.6,485.1,180.2,214.0,127,1.219,0.065,0,0,410.0,84.2,126.8,41
2026-10-02T01:29:40Z,108.1,40.2,527.7,0.2,64.0,19.6,461.7,3.2,49.4,0.0,2.4,0.0,67.8,0.4,28.6,599.7,509.7,485.2,185.3,214.0,132,1.243,0.065,0,0,410.0,84.1,126.9,41
2026-10-02T01:29:45Z,146.7,32.7,527.9,0.2,64.0,29.5,460.7,3.1,49.4,1.3,2.6,0.0,67.8,0.3,28.3,599.7,509.8,485.3,190.9,214.0,137,1.266,0.065,0,0,410.0,84.1,127.0,41
2026-10-02T01:29:50Z,103.6,44.4,527.9,0.2,64.2,24.4,461.0,1.4,49.4,0.0,2.4,0.0,67.8,0.3,28.6,599.4,509.9,485.4,183.7,214.0,142,1.295,0.065,0,0,410.0,84.0,127.1,41
2026-10-02T01:29:55Z,139.1,33.3,528.3,2.4,64.0,26.0,460.7,2.9,49.4,1.3,2.4,0.0,67.8,0.3,28.3,599.9,510.0,485.5,137.5,214.0,147,1.333,0.065,1,0,410.0,84.0,127.1,41
2026-10-02T01:30:00Z,108.9,48.8,528.1,0.2,64.2,18.1,460.6,1.5,49.9,0.0,2.4,0.0,67.8,0.2,28.8,599.7,510.1,485.6,108.2,214.0,152,1.354,0.065,1,0,410.0,84.0,127.2,41
2026-10-02T01:30:04Z,181.7,55.3,528.5,28.4,64.0,22.9,461.3,1.7,49.5,1.1,2.4,0.0,67.8,0.2,28.3,601.7,510.2,485.7,169.8,214.0,157,1.385,0.065,1,0,410.0,83.6,127.3,41
2026-10-02T01:30:10Z,104.9,34.3,528.6,0.2,64.0,29.1,460.7,2.9,49.5,0.0,2.4,0.0,67.8,0.3,28.3,600.1,510.2,485.8,157.6,214.0,162,1.409,0.065,0,0,410.0,83.3,127.4,41
2026-10-02T01:30:15Z,173.9,35.9,528.6,3.2,64.0,27.1,461.5,1.6,49.7,2.0,2.4,0.0,67.8,0.2,28.3,601.8,510.2,485.8,177.8,214.0,167,1.437,0.065,0,0,410.0,83.5,127.4,41
2026-10-02T01:30:20Z,183.5,38.2,528.6,0.3,64.3,16.6,462.1,3.2,49.2,0.0,2.4,0.0,67.8,0.4,28.6,600.0,510.4,485.9,131.5,214.0,173,1.488,0.065,1,0,410.0,83.5,127.5,41
2026-10-02T01:30:25Z,144.1,28.6,528.3,0.2,64.0,28.4,462.5,3.1,49.2,1.4,2.5,0.0,67.8,0.1,28.3,599.9,510.5,486.0,185.8,214.0,177,1.504,0.065,1,0,410.0,84.9,127.7,41
2026-10-02T01:30:30Z,116.9,31.2,529.1,0.4,64.0,27.3,462.6,1.4,49.2,0.0,2.4,0.0,67.8,0.2,28.3,600.2,510.6,486.1,174.7,214.0,182,1.528,0.065,0,0,410.0,84.8,127.8,41
2026-10-02T01:30:35Z,214.2,33.0,542.8,32.5,64.0,34.9,560.2,3.1,50.9,1.1,2.4,0.0,67.8,0.4,28.4,616.6,524.9,500.5,173.3,228.0,189,1.592,0.065,0,0,410.0,90.0,127.9,41
2026-10-02T01:30:40Z,125.6,39.1,543.1,0.2,64.3,29.2,620.3,1.6,50.6,0.0,2.4,0.0,67.8,0.4,28.6,614.8,525.0,500.5,96.6,228.0,195,1.625,0.065,1,0,410.0,87.7,127.9,41
2026-10-02T01:30:44Z,153.9,35.4,543.3,0.3,64.0,28.2,661.9,1.4,50.3,0.0,2.4,0.0,67.8,0.2,28.4,614.5,525.0,500.5,177.7,228.0,199,1.661,0.065,1,0,410.0,84.9,127.9,41
2026-10-02T01:30:50Z,129.7,32.4,543.5,0.2,64.3,14.5,714.8,1.5,49.7,0.0,2.4,0.0,67.8,0.1,28.4,614.9,525.1,500.7,165.0,228.0,204,1.699,0.065,0,0,410.0,84.2,127.9,41
2026-10-02T01:30:54Z,131.1,29.7,543.5,0.3,64.0,17.1,726.0,1.4,50.1,0.0,2.4,0.0,67.8,0.2,28.4,614.7,525.3,500.8,197.9,228.0,208,1.722,0.065,0,0,410.0,83.2,127.9,41
2026-10-02T01:31:00Z,116.1,31.8,543.6,0.3,64.0,28.4,726.6,3.4,50.1,0.0,2.4,0.0,67.8,0.2,28.4,614.9,525.3,500.8,157.6,228.0,213,1.743,0.065,0,0,410.0,82.9,128.0,41
2026-10-02T01:31:04Z,174.4,30.0,543.4,15.3,79.8,30.0,726.3,3.4,50.5,0.0,2.4,0.0,67.8,0.1,28.4,615.0,525.3,500.9,153.4,228.0,217,1.775,0.065,1,0,410.0,82.6,128.0,41
2026-10-02T01:31:10Z,100.7,31.0,543.5,0.3,64.1,28.2,729.5,4.1,50.9,0.0,2.4,0.0,67.8,0.3,28.4,614.9,525.4,500.9,129.9,228.0,222,1.798,0.065,0,0,410.0,82.2,128.0,41
2026-10-02T01:31:14Z,129.8,26.4,543.4,0.2,64.1,31.8,729.6,4.5,51.0,0.0,2.4,0.0,67.8,0.2,28.4,615.1,525.4,500.9,193.2,228.0,225,1.810,0.025,0,0,410.0,82.1,128.1,41
2026-10-02T01:31:20Z,108.3,41.7,543.6,0.2,64.3,29.4,729.7,1.4,50.8,0.0,2.4,0.0,67.8,0.1,28.4,615.0,525.5,501.0,167.2,228.0,230,1.838,0.025,0,0,410.0,81.6,128.1,41
2026-10-02T01:31:24Z,97.3,0.8,542.7,0.3,64.1,4.3,729.5,1.6,50.2,0.0,2.4,0.0,67.8,0.3,28.4,614.6,525.5,501.0,188.2,228.0,230,1.838,0.025,0,0,410.0,81.6,128.1,41
2026-10-02T01:31:30Z,50.3,4.4,542.9,0.3,64.3,6.3,726.2,0.2,50.9,0.0,2.4,0.0,67.8,0.2,28.4,614.7,525.5,501.0,106.0,228.0,231,1.853,0.025,0,0,410.0,81.6,128.2,41
2026-10-02T01:31:35Z,179.4,18.4,543.8,0.3,64.1,0.1,726.0,1.5,50.8,0.0,2.4,0.0,67.8,23.9,28.4,615.0,526.1,501.7,167.0,228.0,231,1.853,0.025,0,0,410.0,81.6,128.7,43
2026-10-02T01:31:40Z,82.4,13.0,544.2,0.3,64.3,4.1,726.1,1.6,50.0,0.0,2.4,0.0,67.8,0.5,28.6,615.8,526.4,501.9,131.5,228.0,232,1.868,0.025,0,0,410.0,81.5,128.9,43
2026-10-02T01:31:44Z,90.1,19.9,544.2,0.8,64.1,0.3,726.4,3.5,50.8,0.0,2.4,0.0,67.8,0.4,28.4,616.1,526.5,502.0,186.5,228.0,232,1.868,0.025,0,0,410.0,81.5,129.1,43
2026-10-02T01:31:50Z,76.4,12.3,544.8,0.3,64.3,5.3,726.3,0.3,50.6,0.0,2.4,0.0,67.8,0.3,28.4,616.3,526.7,502.2,164.6,228.0,233,1.889,0.025,0,0,410.0,81.5,129.3,43
2026-10-02T01:31:54Z,70.0,12.2,544.5,0.3,64.1,0.1,726.1,3.5,50.7,0.0,2.4,0.0,67.8,0.2,28.4,618.4,526.7,502.2,110.5,228.0,234,1.899,0.025,0,0,410.0,81.5,129.3,43
2026-10-02T01:32:00Z,67.8,13.3,544.7,0.3,64.1,2.7,726.3,0.3,50.0,0.0,2.4,0.0,67.8,0.7,28.9,618.4,526.8,502.4,100.9,228.0,235,1.912,0.025,0,0,410.0,88.4,129.4,43
2026-10-02T01:32:04Z,89.9,9.4,544.6,0.3,64.3,0.0,725.9,1.5,50.5,0.0,2.4,0.0,67.8,30.1,28.5,616.7,526.9,502.4,158.9,228.0,235,1.912,0.025,0,0,410.0,88.4,129.5,43
2026-10-02T01:32:10Z,94.3,13.6,545.0,0.2,64.1,3.1,729.3,2.3,50.2,0.0,2.4,0.0,67.8,0.5,28.9,616.8,527.0,502.5,157.2,228.0,236,1.922,0.025,0,0,410.0,88.4,129.6,43
2026-10-02T01:32:14Z,78.1,13.0,545.1,0.2,64.4,0.0,725.9,4.4,50.3,0.0,2.4,0.0,67.8,0.3,28.4,617.0,527.0,502.5,120.6,228.0,237,1.934,0.021,0,0,410.0,88.4,129.6,43
2026-10-02T01:32:20Z,93.0,6.5,545.7,0.3,64.1,0.0,725.9,0.2,50.1,0.0,2.4,0.0,67.8,0.1,28.4,619.0,527.0,502.6,131.5,228.0,238,1.948,0.021,0,0,410.0,88.4,129.6,43
2026-10-02T01:32:24Z,79.1,13.9,545.8,0.2,64.1,0.0,725.9,4.7,50.1,0.0,2.4,0.0,67.8,0.2,28.4,618.9,527.0,502.6,193.5,228.0,238,1.948,0.021,0,0,410.0,88.4,129.6,43
2026-10-02T01:32:30Z,79.7,6.9,545.5,0.3,64.1,0.0,726.0,0.2,50.5,0.0,2.4,0.0,67.8,0.2,28.4,617.3,527.1,502.6,113.9,228.0,240,1.966,0.021,0,0,410.0,88.4,129.6,43
2026-10-02T01:32:35Z,263.9,12.8,560.6,0.2,64.4,0.1,727.2,2.9,58.1,0.0,2.4,0.0,67.8,25.8,28.7,632.7,542.4,517.9,155.5,244.0,243,2.042,0.039,0,0,410.0,124.0,129.7,43
2026-10-02T01:32:40Z,84.3,3.9,561.4,0.3,64.1,0.1,727.2,1.7,52.0,0.0,2.4,0.0,67.8,0.5,28.9,632.7,542.5,518.0,142.6,244.0,244,2.058,0.039,0,0,410.0,126.6,129.7,43
2026-10-02T01:32:44Z,106.7,72.1,561.6,1.1,64.4,0.3,726.9,2.1,52.4,0.0,2.4,3.4,67.8,0.2,28.4,633.3,543.3,518.8,140.5,244.0,245,2.086,0.039,0,0,410.0,119.0,129.8,43
2026-10-02T01:32:50Z,47.9,3.5,562.1,0.4,64.1,0.0,727.0,5.5,52.3,0.0,2.4,0.0,67.8,0.4,28.7,633.7,543.5,519.1,129.3,244.0,246,2.101,0.039,0,0,410.0,119.0,129.8,43
2026-10-02T01:32:54Z,71.8,22.6,562.1,0.2,64.4,0.0,727.0,2.9,51.5,0.0,2.4,4.0,67.8,0.4,28.4,633.8,543.5,519.1,218.3,244.0,246,2.101,0.039,0,0,410.0,119.0,129.8,43
2026-10-02T01:33:00Z,45.1,2.9,562.0,0.3,64.1,1.6,727.4,0.6,52.4,0.0,2.4,0.0,67.8,0.2,28.4,634.1,543.6,519.1,190.7,244.0,247,2.108,0.039,0,0,410.0,113.2,129.8,43
2026-10-02T01:33:04Z,101.9,64.9,562.1,0.3,64.4,0.0,727.0,3.9,51.7,0.0,2.4,2.9,67.8,11.2,43.6,634.1,543.6,519.1,186.9,244.0,248,2.124,0.039,0,0,410.0,113.2,129.8,43
2026-10-02T01:33:10Z,73.8,2.1,562.5,0.3,64.2,1.1,727.1,3.1,51.5,0.0,2.4,0.0,67.8,0.6,28.7,643.8,553.6,529.2,157.2,244.0,249,2.137,0.039,0,0,410.0,113.2,129.8,43
2026-10-02T01:33:14Z,82.4,28.3,572.5,0.2,64.4,0.0,727.0,2.8,51.4,0.0,2.4,4.2,68.0,0.3,28.5,643.9,553.6,529.2,149.5,244.0,250,2.147,0.039,0,0,410.0,111.9,129.8,43
2026-10-02T01:33:20Z,50.0,23.3,572.1,4.9,64.2,1.0,727.5,2.7,51.5,0.0,2.4,0.0,67.8,0.6,28.7,643.8,553.7,529.2,222.5,244.0,250,2.147,0.039,0,0,410.0,111.9,129.8,43
2026-10-02T01:33:24Z,109.6,22.0,571.8,0.4,64.4,0.1,727.0,2.0,52.2,0.0,2.4,3.3,67.8,0.3,28.5,644.0,553.7,529.2,211.0,244.0,251,2.156,0.039,0,0,410.0,111.9,129.8,43
2026-10-02T01:33:30Z,49.5,4.5,572.6,0.3,64.2,1.3,727.2,0.5,52.0,0.0,2.4,0.0,67.8,0.3,28.5,643.8,553.7,529.2,180.5,244.0,252,2.163,0.039,0,0,410.0,111.9,129.9,43
2026-10-02T01:33:34Z,84.7,17.6,572.5,0.2,64.4,0.0,727.0,1.7,51.0,0.0,2.4,5.0,68.0,0.3,28.5,646.0,553.8,529.3,170.0,244.0,253,2.178,0.039,0,0,410.0,112.0,129.9,43
2026-10-02T01:33:40Z,73.0,1.7,572.5,0.5,64.2,0.1,727.7,3.5,51.0,0.0,2.4,0.0,67.8,0.4,28.5,644.3,553.8,529.3,134.4,244.0,254,2.196,0.039,0,0,410.0,112.0,130.1,43
2026-10-02T01:33:44Z,89.7,11.8,572.4,0.9,64.7,0.3,727.6,0.4,51.2,0.0,2.4,2.8,67.8,0.3,28.5,644.0,553.8,529.4,194.4,244.0,254,2.196,0.039,0,0,410.0,112.0,130.1,43
2026-10-02T01:33:50Z,37.1,4.7,572.7,0.6,64.2,0.0,727.1,3.0,51.1,0.0,2.4,0.0,67.8,0.1,28.5,644.1,553.8,529.4,216.4,244.0,254,2.196,0.039,0,0,410.0,112.0,130.1,43
2026-10-02T01:33:54Z,86.5,20.1,572.0,0.3,64.2,0.0,727.4,0.2,51.3,0.0,2.4,3.6,67.9,0.2,28.5,644.4,553.8,529.4,171.2,244.0,256,2.229,0.039,0,0,410.0,110.9,130.1,43
2026-10-02T01:34:00Z,38.3,4.6,572.7,0.5,64.2,1.0,727.7,5.4,51.2,0.0,2.4,0.0,67.8,0.5,28.5,643.9,553.8,529.4,194.2,244.0,256,2.229,0.039,0,0,410.0,110.9,130.1,43
2026-10-02T01:34:04Z,96.5,18.4,572.2,0.3,64.4,0.0,727.2,1.4,51.3,0.0,2.4,2.6,68.0,0.4,28.5,644.3,553.8,529.4,131.0,244.0,258,2.263,0.039,0,0,410.0,110.9,130.1,43
2026-10-02T01:34:10Z,69.9,3.9,572.5,0.4,64.2,0.0,727.4,5.2,51.2,0.0,2.4,0.0,67.8,0.4,28.5,644.3,553.8,529.4,153.0,244.0,258,2.263,0.039,0,0,410.0,110.9,130.1,43
2026-10-02T01:34:14Z,92.4,27.3,572.5,0.4,64.4,0.1,727.4,1.9,51.3,0.0,2.4,2.9,68.1,0.3,28.5,644.4,553.9,529.4,205.9,244.0,259,2.287,0.039,0,0,410.0,110.9,130.1,43
2026-10-02T01:34:20Z,40.2,3.7,574.1,0.4,64.2,0.0,727.2,2.2,51.1,0.0,2.4,0.0,67.8,0.6,28.7,644.1,553.9,529.4,119.9,244.0,260,2.296,0.039,0,0,410.0,110.9,130.1,43
2026-10-02T01:34:25Z,116.6,13.7,572.0,0.3,64.4,0.0,727.3,2.9,50.8,0.0,2.4,3.0,68.2,0.2,28.5,644.1,553.9,529.4,222.9,244.0,260,2.296,0.039,0,0,410.0,110.9,130.1,43
2026-10-02T01:34:30Z,39.2,0.8,572.3,0.4,64.4,0.0,727.7,3.1,50.9,0.0,2.4,0.0,67.8,0.7,29.0,644.0,553.9,529.4,139.1,244.0,261,2.313,0.039,0,0,410.0,110.9,130.1,43
2026-10-02T01:34:35Z,218.7,23.3,590.0,0.4,64.4,0.0,727.5,0.3,52.3,0.0,2.4,2.2,68.2,0.5,28.5,662.4,571.8,547.4,226.8,262.0,264,2.369,0.039,0,0,410.0,119.4,130.2,43
2026-10-02T01:34:40Z,75.1,0.8,590.0,0.3,64.5,0.1,727.8,5.1,52.5,0.0,2.4,0.0,67.8,0.4,28.8,664.0,571.8,547.4,143.2,262.0,265,2.375,0.039,0,0,410.0,120.2,130.2,43
2026-10-02T01:34:45Z,98.9,38.0,590.9,0.7,64.7,0.2,728.0,0.4,52.4,0.0,2.4,1.5,68.0,0.2,28.5,662.4,572.3,547.9,141.7,262.0,266,2.390,0.039,0,0,410.0,119.2,130.2,43
2026-10-02T01:34:50Z,39.7,5.4,591.1,0.3,64.2,0.0,727.5,4.7,52.6,0.0,2.4,0.0,67.8,0.3,28.5,662.7,572.3,547.9,163.7,262.0,266,2.390,0.039,0,0,410.0,119.2,130.2,43
2026-10-02T01:34:54Z,88.6,28.1,590.6,0.3,64.2,0.0,727.8,2.0,51.7,0.0,2.4,3.0,68.3,0.2,28.5,662.6,572.4,547.9,221.1,262.0,267,2.403,0.039,0,0,410.0,119.2,130.2,43
2026-10-02T01:35:00Z,38.1,0.8,590.8,0.4,64.2,0.1,727.8,2.6,52.3,0.0,2.4,0.0,67.8,0.3,28.5,662.6,572.4,547.9,129.8,262.0,268,2.416,0.039,0,0,410.0,114.4,130.2,43
2026-10-02T01:35:04Z,78.0,10.9,591.3,0.2,64.2,0.0,727.6,0.3,51.7,0.0,2.4,3.3,68.2,0.6,28.5,662.6,572.4,547.9,222.8,262.0,268,2.416,0.039,0,0,410.0,114.4,130.2,43
2026-10-02T01:35:10Z,71.7,0.7,590.6,0.4,64.5,0.0,727.6,1.5,58.4,0.0,2.4,0.0,67.8,0.6,28.8,663.0,572.4,547.9,132.5,262.0,269,2.435,0.039,0,0,410.0,114.4,130.2,43
2026-10-02T01:35:14Z,85.9,16.2,590.7,0.4,64.2,0.1,727.6,0.2,51.7,0.0,2.4,3.9,68.4,0.8,28.5,663.0,572.4,547.9,170.2,262.0,270,2.447,0.024,0,0,410.0,114.4,130.2,43
2026-10-02T01:35:20Z,39.5,0.5,590.9,0.6,64.5,1.4,728.3,2.8,52.5,0.0,2.4,0.0,67.8,0.1,28.5,662.8,572.4,547.9,193.2,262.0,270,2.447,0.024,0,0,410.0,114.4,130.2,43
2026-10-02T01:35:24Z,108.6,21.9,590.7,0.3,64.2,0.0,727.6,2.2,52.2,0.0,2.4,0.0,67.8,0.3,28.5,664.6,572.4,548.0,235.5,262.0,271,2.469,0.024,0,0,410.0,115.8,130.2,43
2026-10-02T01:35:30Z,37.7,0.5,590.9,0.4,64.5,0.0,727.6,0.4,52.0,0.0,2.4,0.0,67.8,0.5,28.5,662.7,572.4,548.0,142.0,262.0,272,2.476,0.024,0,0,410.0,115.8,130.2,43
2026-10-02T01:35:34Z,97.3,21.7,591.2,0.4,64.2,0.0,727.6,1.7,51.7,0.0,2.4,0.0,67.8,0.3,28.5,662.9,572.5,548.0,161.0,262.0,273,2.495,0.024,0,0,410.0,115.8,130.3,43
2026-10-02T01:35:40Z,75.7,6.7,590.9,0.4,64.2,0.0,727.6,0.3,51.9,0.0,2.4,0.0,67.8,0.5,28.5,662.6,572.5,548.0,218.0,262.0,273,2.495,0.024,0,0,410.0,115.8,130.3,43
2026-10-02T01:35:44Z,88.9,22.8,590.9,0.4,64.2,0.9,727.7,0.4,51.9,0.0,2.4,0.0,67.8,0.3,28.5,662.4,572.5,548.0,188.0,262.0,274,2.509,0.024,0,0,410.0,117.0,130.3,43
2026-10-02T01:35:50Z,52.2,1.8,590.6,0.5,64.2,0.0,727.6,2.7,51.8,0.0,2.4,0.0,67.8,0.3,28.5,661.9,572.5,548.0,210.0,262.0,274,2.509,0.024,0,0,410.0,117.0,130.3,43
2026-10-02T01:35:54Z,108.9,41.5,590.2,2.8,64.2,1.4,727.6,0.6,51.5,0.0,2.4,0.0,67.8,0.1,28.5,661.9,572.5,548.0,140.2,262.0,275,2.528,0.024,0,0,410.0,117.2,130.3,42
2026-10-02T01:36:00Z,36.1,2.3,590.4,0.5,64.5,0.0,727.6,2.6,51.2,0.0,2.4,0.0,67.8,0.5,28.5,662.2,572.5,548.0,161.2,262.0,275,2.528,0.024,0,0,410.0,117.2,130.3,42
2026-10-02T01:36:05Z,324.2,160.0,624.2,0.3,64.2,147.8,749.9,3.1,51.5,0.0,2.4,3.1,67.8,0.2,28.5,695.9,605.2,580.7,240.0,294.0,287,2.922,0.101,6,0,410.0,135.0,130.4,42
2026-10-02T01:36:10Z,314.4,81.2,624.1,0.2,64.3,57.4,750.8,3.5,51.7,0.0,2.4,0.0,67.8,0.5,28.6,695.6,605.3,580.8,216.3,294.0,298,3.047,0.101,3,0,410.0,110.2,130.4,42
2026-10-02T01:36:15Z,269.7,101.4,624.1,2.5,64.3,67.1,799.5,4.9,50.5,0.0,2.4,3.2,67.9,0.2,28.6,695.9,605.4,580.9,223.6,294.0,307,3.201,0.101,1,0,410.0,107.6,130.5,43
2026-10-02T01:36:20Z,290.9,129.4,630.4,1.5,64.3,65.3,958.8,7.7,51.1,0.0,2.4,0.0,67.8,0.3,28.6,701.8,611.5,587.1,175.5,300.0,318,3.324,0.101,6,0,410.0,111.5,130.6,42
2026-10-02T01:36:25Z,309.6,111.5,630.3,2.4,64.3,76.1,453.0,3.4,51.1,0.0,2.4,3.5,68.2,0.2,28.6,701.9,611.6,587.2,226.3,300.0,327,3.451,0.101,6,0,410.0,105.0,130.6,42
2026-10-02T01:36:30Z,279.8,78.7,630.6,0.2,64.3,40.1,468.1,3.4,51.4,0.0,2.4,0.0,67.9,0.2,28.6,702.2,611.7,587.2,243.3,300.0,336,3.548,0.101,0,0,410.0,102.3,130.7,43
2026-10-02T01:36:35Z,314.0,160.1,642.0,3.1,64.3,116.5,473.6,6.5,52.5,0.0,2.4,0.0,67.9,0.4,28.6,715.2,623.3,598.8,158.6,311.0,346,3.706,0.101,7,0,410.0,102.9,130.9,42
2026-10-02T01:36:40Z,290.6,90.0,642.2,0.3,64.3,75.5,473.2,6.8,52.5,0.0,2.4,0.0,67.9,0.2,28.6,713.9,623.3,598.8,184.9,311.0,355,3.776,0.101,3,0,410.0,102.6,130.9,42
2026-10-02T01:36:45Z,295.8,108.3,642.3,0.5,64.5,154.6,352.1,5.5,52.1,0.0,2.4,0.0,67.9,0.4,28.6,713.9,623.3,598.9,227.0,311.0,363,3.847,0.101,8,0,410.0,102.5,131.0,43
2026-10-02T01:36:50Z,229.7,84.8,642.1,0.2,64.3,50.2,358.0,3.5,52.4,0.0,2.5,0.0,67.9,0.2,28.6,713.9,623.4,598.9,168.5,311.0,373,3.921,0.101,5,0,410.0,100.9,131.0,42
2026-10-02T01:36:55Z,290.0,96.6,642.3,0.3,63.8,66.8,359.4,5.8,51.9,0.0,2.4,0.0,68.0,0.5,28.6,682.9,620.9,598.9,232.0,311.0,381,4.040,0.101,6,0,410.0,100.6,131.0,42
2026-10-02T01:37:00Z,239.9,100.0,605.2,0.3,61.1,78.6,358.8,3.7,50.2,0.0,2.6,0.0,68.0,0.2,28.6,679.7,620.9,598.9,207.7,311.0,390,4.102,0.101,2,0,410.0,102.5,131.0,43
2026-10-02T01:37:05Z,299.5,100.8,605.9,0.3,56.7,76.5,361.4,4.0,46.8,0.0,2.7,0.0,66.2,0.3,30.9,679.1,620.8,599.0,173.2,311.0,399,4.164,0.101,6,0,410.0,101.0,131.1,43
2026-10-02T01:37:11Z,389.3,136.4,606.3,33.4,49.5,96.9,361.8,3.2,43.4,0.0,2.7,0.0,62.2,0.3,28.0,696.8,646.1,624.3,277.5,338.0,411,4.499,0.101,6,0,410.0,104.8,131.2,42
2026-10-02T01:37:15Z,390.3,211.3,668.5,0.3,43.5,98.0,362.9,4.2,29.7,0.0,2.4,0.0,49.9,0.3,28.0,742.1,682.9,661.1,232.8,372.0,428,5.018,0.104,6,0,410.0,194.8,131.6,42
2026-10-02T01:37:21Z,387.2,168.5,677.6,0.9,42.2,150.4,380.2,3.3,29.8,0.0,2.5,0.0,46.9,0.3,27.3,733.9,686.5,669.5,279.6,380.0,445,5.307,0.104,6,0,410.0,146.6,131.6,42
2026-10-02T01:37:25Z,355.2,178.1,677.5,0.4,42.2,123.1,630.1,2.8,29.9,0.0,2.6,0.0,46.9,0.2,27.3,732.9,686.5,669.6,186.5,380.0,454,5.525,0.104,6,0,410.0,122.8,131.6,43
2026-10-02T01:37:31Z,335.7,99.1,677.5,0.3,42.2,110.4,349.1,4.2,29.0,0.0,2.6,0.0,46.9,0.3,27.3,733.2,686.6,669.6,285.7,380.0,466,5.667,0.104,6,0,410.0,132.7,131.6,43
2026-10-02T01:37:35Z,361.6,143.8,682.7,0.4,43.3,110.8,436.0,4.0,28.9,0.0,2.6,0.0,47.0,0.2,27.3,738.5,691.7,674.7,290.3,385.0,475,5.795,0.104,6,0,410.0,121.4,131.6,43
2026-10-02T01:37:40Z,353.8,114.8,682.4,38.6,70.3,93.5,386.3,3.5,29.4,0.0,2.7,0.0,47.0,0.2,28.3,738.6,691.7,674.7,209.2,385.0,485,6.028,0.104,6,0,410.0,111.7,131.6,43
2026-10-02T01:37:45Z,364.6,134.4,682.7,0.3,43.4,113.4,401.0,5.1,29.4,0.0,2.7,0.0,47.0,0.2,28.3,738.6,691.7,674.7,323.4,385.0,493,6.160,0.104,4,0,410.0,113.4,131.6,42
2026-10-02T01:37:50Z,295.2,106.1,681.7,0.2,43.7,53.3,432.8,5.9,29.3,0.0,2.7,0.0,47.1,0.5,28.3,737.6,690.7,673.7,296.4,384.0,503,6.234,0.104,2,0,410.0,107.6,131.7,43
2026-10-02T01:37:55Z,311.2,116.2,667.4,0.3,43.4,94.7,432.2,5.8,29.3,0.0,2.7,0.0,47.1,0.2,28.3,723.3,676.5,659.6,156.4,370.0,512,6.332,0.104,6,0,410.0,106.2,131.8,43
2026-10-02T01:38:00Z,275.2,111.7,667.8,0.2,43.4,84.2,434.0,6.5,29.3,0.0,2.7,0.0,47.1,0.2,28.3,723.3,676.6,659.7,326.7,370.0,522,6.387,0.104,0,0,410.0,106.3,131.8,43
2026-10-02T01:38:05Z,159.6,0.7,665.8,0.4,43.4,0.1,432.7,0.4,29.5,0.0,2.7,0.0,47.1,0.4,28.3,722.0,676.6,659.7,141.5,370.0,525,6.401,0.104,0,0,410.0,106.3,131.8,42
2026-10-02T01:38:10Z,73.9,1.3,664.8,0.3,43.7,0.1,432.4,0.2,29.4,0.0,2.7,0.0,47.1,0.3,28.3,721.2,676.6,659.7,187.5,370.0,525,6.401,0.104,0,0,410.0,106.3,131.8,42
2026-10-02T01:38:14Z,74.3,1.5,664.8,0.4,43.4,0.3,432.7,0.5,29.3,0.0,2.7,0.0,47.1,0.2,28.3,721.0,676.6,659.7,206.5,370.0,525,6.401,0.104,0,0,410.0,106.3,131.8,42
2026-10-02T01:38:20Z,40.6,0.8,665.1,0.3,43.7,0.1,432.4,2.5,29.3,0.0,2.7,0.0,47.1,0.6,28.6,722.8,676.6,659.7,252.5,370.0,525,6.401,0.104,0,0,410.0,106.3,131.8,42
2026-10-02T01:38:24Z,65.9,0.7,664.6,0.3,43.7,0.1,432.5,2.4,29.3,0.0,2.7,0.0,47.1,0.3,28.3,721.0,676.6,659.7,114.7,370.0,526,6.412,0.104,0,0,410.0,106.3,131.8,42
2026-10-02T01:38:30Z,72.5,0.6,664.6,0.3,43.4,0.0,432.8,1.7,29.5,0.0,2.7,0.0,47.1,0.4,28.3,721.0,676.6,659.7,158.7,370.0,526,6.412,0.104,0,0,410.0,106.3,131.8,42
2026-10-02T01:38:34Z,95.7,0.6,664.6,0.3,43.8,0.1,443.6,1.7,31.4,0.0,2.7,0.0,47.2,0.3,28.4,721.1,676.7,659.7,139.8,370.0,527,6.432,0.104,0,0,410.0,106.8,131.9,42
2026-10-02T01:38:40Z,61.4,0.5,664.6,0.2,43.8,1.8,443.6,0.3,31.5,0.0,2.7,0.0,47.2,7.2,28.4,720.8,676.7,659.7,185.8,370.0,527,6.432,0.104,0,0,410.0,106.8,131.9,42
2026-10-02T01:38:44Z,84.9,0.7,664.6,0.4,43.8,0.1,443.9,0.4,31.0,0.0,2.7,0.0,47.2,0.4,28.4,721.0,676.7,659.7,205.8,370.0,527,6.432,0.104,0,0,410.0,106.8,131.9,42
2026-10-02T01:38:50Z,44.2,0.8,664.6,0.3,43.8,2.2,443.8,0.4,31.9,0.0,2.7,0.0,47.2,0.5,28.4,720.8,676.7,659.7,251.8,370.0,527,6.432,0.104,0,0,410.0,106.8,131.9,42
2026-10-02T01:38:54Z,56.3,0.6,664.7,0.3,43.5,0.0,443.6,0.4,30.4,0.0,2.7,0.0,47.2,0.3,28.4,721.0,676.7,659.7,119.8,370.0,528,6.454,0.104,0,0,410.0,103.8,131.9,42
2026-10-02T01:39:00Z,38.0,0.6,664.7,0.4,43.8,0.0,443.6,3.1,30.7,0.0,2.7,0.0,49.2,0.2,28.4,723.0,676.7,659.8,163.8,370.0,528,6.454,0.104,0,0,410.0,103.8,131.9,42
2026-10-02T01:39:04Z,57.8,0.6,664.7,0.2,43.5,0.0,443.6,2.0,30.9,0.0,2.7,0.0,49.2,0.3,28.4,721.0,676.7,659.8,183.8,370.0,528,6.454,0.104,0,0,410.0,103.8,131.9,42
2026-10-02T01:39:10Z,60.1,0.4,664.7,4.5,44.0,2.0,444.5,0.8,31.1,0.0,2.7,0.0,49.2,35.9,28.7,721.1,676.7,659.8,145.4,370.0,529,6.476,0.104,0,0,410.0,103.8,131.9,42
2026-10-02T01:39:15Z,93.9,1.2,664.9,0.3,43.5,0.3,444.8,1.9,30.4,0.0,2.7,0.0,49.2,0.5,28.4,721.3,676.7,659.8,164.4,370.0,529,6.476,0.104,0,0,410.0,103.8,131.9,42
2026-10-02T01:39:20Z,38.4,0.8,664.7,0.4,43.8,0.8,444.5,0.3,30.6,0.0,2.7,0.0,49.2,0.4,28.4,721.1,676.7,659.8,210.4,370.0,529,6.476,0.104,0,0,410.0,103.8,131.9,42
2026-10-02T01:39:24Z,60.8,0.6,664.7,0.3,43.8,0.3,445.1,0.4,30.6,0.0,2.7,0.0,49.2,0.3,28.4,721.2,676.7,659.8,120.9,370.0,530,6.497,0.104,0,0,410.0,103.8,131.9,42
2026-10-02T01:39:30Z,41.5,8.1,664.9,2.1,43.8,1.3,444.9,0.5,31.0,0.0,2.7,0.0,49.2,0.3,28.4,721.1,676.7,659.8,164.9,370.0,530,6.497,0.104,0,0,410.0,103.8,131.9,42
2026-10-02T01:39:35Z,52.3,0.6,664.7,0.4,43.8,0.2,445.4,2.6,31.6,0.0,2.7,0.0,49.2,0.4,28.4,720.8,676.7,659.8,184.9,370.0,530,6.497,0.104,0,0,410.0,103.8,131.9,42
2026-10-02T01:39:40Z,68.4,9.8,664.7,2.8,43.8,1.6,445.1,0.5,31.5,0.0,2.7,0.0,49.2,37.4,28.9,721.3,676.8,659.8,141.3,370.0,531,6.529,0.104,0,0,410.0,98.3,131.9,42
2026-10-02T01:39:46Z,72.0,0.6,664.7,0.4,43.8,0.2,444.9,0.4,31.3,0.0,2.7,0.0,49.2,0.3,28.5,720.9,676.8,659.8,160.3,370.0,531,6.529,0.104,0,0,410.0,98.3,131.9,42
2026-10-02T01:39:50Z,46.1,9.6,665.0,3.9,43.8,2.5,445.1,0.5,31.6,0.0,2.7,0.0,49.2,0.3,28.5,721.3,676.8,659.8,205.3,370.0,531,6.529,0.104,0,0,410.0,98.3,131.9,42
2026-10-02T01:39:56Z,67.9,0.7,664.7,0.4,43.8,0.1,444.7,0.4,31.3,0.0,2.7,0.0,49.2,0.5,28.5,721.4,676.8,659.8,116.4,370.0,532,6.555,0.104,0,0,410.0,98.3,131.9,42
2026-10-02T01:40:00Z,46.4,1.7,665.2,4.6,43.8,1.7,445.2,2.0,31.1,0.0,2.7,0.0,49.2,0.3,28.5,721.2,676.8,659.8,161.4,370.0,532,6.555,0.104,0,0,410.0,98.3,131.9,42
2026-10-02T01:40:05Z,50.9,1.0,665.2,0.3,43.6,0.2,444.8,0.3,31.6,0.0,2.7,0.0,49.2,0.3,28.5,723.0,676.8,659.8,181.4,370.0,532,6.555,0.104,0,0,410.0,98.3,131.9,42
2026-10-02T01:40:10Z,64.9,0.6,664.7,0.3,43.6,0.2,445.5,2.4,31.0,0.0,2.7,0.0,49.2,0.6,28.5,721.1,676.8,659.8,116.9,370.0,533,6.574,0.104,0,0,410.0,98.3,131.9,42
2026-10-02T01:40:16Z,80.8,1.1,665.5,0.2,43.6,0.2,445.3,0.4,31.1,0.0,2.7,0.0,49.2,0.4,28.5,722.9,676.8,659.8,160.9,370.0,533,6.574,0.032,0,0,410.0,98.3,131.9,42
2026-10-02T01:40:20Z,42.9,0.7,664.7,0.5,43.6,0.2,445.3,0.3,30.8,0.0,2.7,0.0,49.2,0.4,28.5,721.2,676.8,659.8,182.9,370.0,533,6.574,0.032,0,0,410.0,98.3,131.9,42
2026-10-02T01:40:25Z,55.8,1.7,665.7,0.3,43.6,0.2,445.6,1.7,30.9,0.0,2.7,0.0,49.2,0.3,28.5,721.1,676.8,659.8,115.9,370.0,534,6.601,0.032,0,0,410.0,96.4,131.9,42
2026-10-02T01:40:31Z,71.1,1.6,664.8,0.2,43.9,5.7,445.1,0.2,30.5,0.0,2.7,0.0,49.2,0.3,28.5,721.0,676.8,659.8,135.9,370.0,534,6.601,0.032,0,0,410.0,96.4,131.9,42
2026-10-02T01:40:35Z,91.2,0.6,664.8,0.4,43.6,0.2,445.9,2.9,32.5,0.0,2.7,0.0,49.2,0.3,28.5,721.2,676.9,659.9,139.9,370.0,535,6.617,0.032,0,0,410.0,96.4,132.0,42
2026-10-02T01:40:41Z,60.9,0.6,664.8,0.3,43.6,0.2,445.7,2.4,31.2,0.0,2.7,0.0,49.2,0.5,28.5,721.1,676.9,659.9,161.9,370.0,535,6.617,0.032,0,0,410.0,96.4,132.0,42
2026-10-02T01:40:45Z,112.8,0.8,665.0,0.6,43.9,4.2,445.5,2.4,31.2,0.0,2.7,0.0,49.2,0.4,28.5,720.8,676.9,659.9,205.9,370.0,535,6.617,0.032,0,0,410.0,96.4,132.0,42
2026-10-02T01:40:50Z,42.8,0.7,664.8,0.4,43.6,6.5,445.8,2.3,31.8,0.0,2.7,0.0,49.2,0.7,28.5,721.1,676.9,659.9,227.9,370.0,535,6.617,0.032,0,0,410.0,96.4,132.0,42
2026-10-02T01:40:55Z,59.7,1.4,665.5,0.3,43.6,0.2,446.1,2.7,32.1,0.0,2.7,0.0,49.2,0.3,28.5,721.1,676.9,659.9,140.0,370.0,536,6.652,0.035,0,0,410.0,96.4,132.0,42
2026-10-02T01:41:01Z,43.7,0.8,665.0,0.4,43.6,0.3,445.8,1.6,31.6,0.0,2.7,0.0,49.2,0.3,28.5,721.4,676.9,659.9,161.0,370.0,536,6.652,0.035,0,0,410.0,96.4,132.0,42
2026-10-02T01:41:05Z,57.6,1.5,665.5,0.3,43.6,0.1,445.9,2.8,32.0,0.0,2.7,0.0,49.2,0.3,28.5,720.9,676.9,659.9,204.0,370.0,536,6.652,0.035,0,0,410.0,96.4,132.0,42
2026-10-02T01:41:11Z,45.2,0.7,664.8,0.4,43.6,0.2,445.8,3.6,31.9,0.0,2.7,0.0,49.3,0.7,28.7,721.4,676.9,659.9,116.0,370.0,537,6.680,0.035,0,0,410.0,95.0,132.0,42
2026-10-02T01:41:15Z,94.3,0.9,665.8,0.3,43.7,0.1,446.1,0.4,32.4,0.0,2.7,0.0,49.3,0.3,28.5,720.9,676.9,659.9,159.0,370.0,537,6.680,0.035,0,0,410.0,95.0,132.0,42
2026-10-02T01:41:21Z,39.4,1.4,665.3,0.4,43.9,0.2,445.4,3.0,31.8,0.0,2.7,0.0,49.3,0.5,28.5,721.3,676.9,659.9,180.0,370.0,537,6.680,0.035,0,0,410.0,95.0,132.0,42
2026-10-02T01:41:26Z,63.1,1.1,665.3,0.6,43.7,0.4,446.2,3.3,31.7,0.0,2.7,0.0,49.3,0.4,28.5,721.2,676.9,659.9,139.1,370.0,538,6.705,0.035,0,0,410.0,95.0,132.0,42
2026-10-02T01:41:31Z,45.7,0.8,664.8,0.3,43.9,2.2,450.0,3.1,31.8,0.0,2.7,0.0,49.3,0.5,28.5,721.1,676.9,659.9,160.1,370.0,538,6.705,0.035,0,0,410.0,95.0,132.0,42
2026-10-02T01:41:36Z,60.8,1.0,664.8,0.5,43.7,4.3,445.7,2.2,32.4,0.0,2.7,0.0,49.3,0.4,28.5,721.2,676.9,659.9,204.1,370.0,538,6.705,0.035,0,0,410.0,95.0,132.0,42
2026-10-02T01:41:41Z,43.4,1.9,665.3,0.4,43.7,4.9,445.7,0.3,32.2,0.0,2.7,0.0,52.7,0.6,28.8,721.2,676.9,659.9,116.6,370.0,539,6.742,0.037,0,0,410.0,95.0,132.0,42
2026-10-02T01:41:45Z,121.3,0.5,664.8,0.2,43.7,3.8,444.9,1.6,31.9,0.0,2.7,0.0,52.7,0.2,28.5,720.9,676.9,659.9,160.6,370.0,539,6.742,0.037,0,0,410.0,95.0,132.0,42
2026-10-02T01:41:51Z,40.1,0.6,664.8,0.4,43.7,4.9,445.6,2.5,32.1,0.0,2.7,0.0,52.7,0.5,28.5,722.9,676.9,659.9,181.6,370.0,539,6.742,0.037,0,0,410.0,95.0,132.1,42
2026-10-02T01:41:55Z,53.6,0.6,664.9,0.5,43.7,5.5,445.2,0.3,31.2,0.0,2.7,0.0,52.7,0.1,28.5,721.4,677.0,660.0,137.6,370.0,540,6.785,0.043,0,0,410.0,93.6,132.1,42
2026-10-02T01:42:01Z,41.4,1.9,665.1,0.4,43.7,5.3,445.0,2.4,31.6,0.0,2.7,0.0,52.7,0.4,28.5,721.2,677.0,660.0,157.6,370.0,540,6.785,0.043,0,0,410.0,93.6,132.1,42
2026-10-02T01:42:05Z,47.5,8.1,664.9,3.9,43.7,4.5,445.5,2.0,31.1,0.0,2.7,0.0,52.7,0.3,28.5,721.5,677.0,660.0,202.6,370.0,540,6.785,0.043,0,0,410.0,93.6,132.1,42
2026-10-02T01:42:11Z,45.8,0.6,664.9,0.3,43.7,5.7,445.6,0.3,31.4,0.0,2.7,0.0,52.7,0.8,28.8,721.5,677.0,660.0,116.6,370.0,541,6.808,0.043,0,0,410.0,93.6,132.1,42
2026-10-02T01:42:16Z,107.4,7.8,664.9,3.5,43.7,5.4,445.3,1.6,30.9,0.0,2.7,0.0,52.7,0.3,28.6,721.3,677.0,660.0,159.6,370.0,541,6.808,0.043,0,0,410.0,93.6,132.1,42
2026-10-02T01:42:21Z,38.6,2.4,665.4,0.4,44.0,5.9,445.4,0.3,31.0,0.0,2.7,0.0,52.7,0.4,28.6,721.2,677.0,660.0,180.6,370.0,541,6.808,0.043,0,0,410.0,93.6,132.1,42
2026-10-02T01:42:25Z,54.9,5.5,665.7,2.7,44.0,6.4,445.3,0.6,31.5,0.0,2.7,0.0,52.7,0.3,28.6,721.4,677.0,660.0,139.1,370.0,542,6.827,0.043,0,0,410.0,93.6,132.1,42
2026-10-02T01:42:31Z,38.9,0.5,664.9,0.4,43.7,4.8,445.3,1.9,31.0,0.0,2.7,0.0,52.7,0.3,28.6,721.3,677.0,660.0,160.1,370.0,542,6.827,0.043,0,0,410.0,93.6,132.1,42
2026-10-02T01:42:35Z,121.8,16.6,664.9,0.3,43.8,41.3,449.0,0.3,32.7,0.0,2.7,0.0,52.7,0.4,28.6,721.4,677.0,660.0,216.8,370.0,543,6.875,0.048,2,0,410.0,95.8,132.1,42
2026-10-02T01:42:41Z,40.8,0.5,664.9,0.3,44.0,5.8,445.6,2.9,32.7,0.0,2.7,0.0,52.7,0.5,28.6,721.4,677.1,660.0,238.8,370.0,543,6.875,0.048,0,0,410.0,95.8,132.1,42
2026-10-02T01:42:46Z,102.0,0.8,665.2,0.4,43.8,0.7,451.5,0.3,32.5,0.0,2.7,0.0,52.7,0.2,28.6,721.3,677.1,660.0,282.8,370.0,543,6.875,0.048,1,0,410.0,95.8,132.1,42
2026-10-02T01:42:51Z,45.1,0.7,665.0,0.3,44.0,0.2,445.7,0.3,32.5,0.0,2.7,0.0,52.8,0.7,28.6,721.5,677.1,660.0,303.8,370.0,543,6.875,0.048,0,0,410.0,95.8,132.1,42
2026-10-02T01:42:56Z,59.6,1.1,665.0,0.4,43.8,0.2,445.8,1.9,32.9,0.0,2.7,0.0,52.8,0.1,28.6,721.6,677.1,660.1,121.9,370.0,544,6.888,0.048,0,0,410.0,95.8,132.1,42
2026-10-02T01:43:01Z,43.7,0.5,665.2,0.4,44.0,0.3,445.8,4.5,33.3,0.0,2.7,0.0,52.8,0.4,28.6,721.6,677.1,660.1,165.9,370.0,544,6.888,0.048,0,0,410.0,95.8,132.1,42
